title,content
Ferrari vai montar jactos para ser mais rápido como o Tesla Roadster,"A marca do Cavallino Rampante sempre produziu superdesportivos potentes e rápidos, que aliam a estes atributos uma extrema eficácia em curva e nas travagens. O construtor parece agora apostado em ele… [+2549 chars]"
"Chinese Auto Sales Slump 43% Sequentially In January, But Tesla Bucks The Trend","Chinese Auto Sales Slump 43% Sequentially In January, But Tesla Bucks The Trend
All eyes are going to be on the state of China's auto market this week as the China Passenger Car Association is slate… [+287 chars]"
Motorista usa piloto automático do Tesla para tirar soneca; veja vídeo,"Um vídeo de um Tesla Model Y, da companhia do bilionário Elon Musk, viralizou na internet após mostrar uma motorista dormindo em uma rodovia interestadual na Califórnia, nos EUA. 
Uma mulher que dir… [+1854 chars]"
"It's fine to use ChatGPT to write your cover letter, a recruiter says. But it could screw you over on interview prep","SDI Productions/Getty ImagesChatGPT has grown in popularity among job seekers, writing cover letters and resumes in seconds. One recruiter says it's just a more accessible version of something job se… [+276 chars]"
Twitter Reinstates GOP Sen. Steve Daines’ Account Hours After Suspending It For Violating Policy Against Graphic Images,"Twitter reinstated the account of Sen. Steve Daines (R-Mont.) on Tuesday, hours after the company suspended him over a violation of its policy against posting graphic media or adult contentwhich Dain… [+4330 chars]"
There's a Reason Most Car Companies Don't Use Stainless Steel,"Teslas Cybertruck debuted in 2019, and it seemed the company had a head start on what has become something of an electric pick-up truck craze. But time marched on, and Tesla blew its lead in EV truck… [+3488 chars]"
Tesla Model Y perde o volante durante a condução,"Imagine um iPhone 14 com a tela touchscreen caindo após o toque de seus dedos Pois é, fica difícil pensar em algo assim, mas o que dizer de um Tesla Model Y, com o volante literalmente caído em seu c… [+2099 chars]"
BYD #1 In World Plugin Vehicle Sales In 2022,"After looking at the top selling plugin vehicle models of 2022 across the world, let’s look at the auto brands that sold the most plugin vehicle models.
Top Auto Brands in World in EV Sales December… [+4321 chars]"
North America’s largest lithium mine can now break ground – that’s great news for EVs,A US district court judge has upheld the federal governments decision to approve the Thacker Pass lithium mine North America’s largest known lithium source after a permit issued in 2020 faced legal c… [+2447 chars]
Sweatcoin Rolls Out Learn and Earn Ahead of SWEAT Token Unlock,<ul><li>The walk-for-crypto app has launched the learn and earn feature.</li><li>Sweatcoin (SWEAT) token had a bullish month with 36.7% gains.</li><li>Sweat Economy is giving away a Tesla (NASDAQ:TSL… [+3953 chars]
10 electric cars with the longest range,"Electric cars are becoming increasingly common, but theres still one issue that new EV buyers run into range anxiety. Because charging isnt as easy or as quick as filling up a tank of gas, range can … [+5810 chars]"
Ford Faces Growing Pains As It Expands Into The EV Market,"In a press conference on…
The reopening of the Chinese…
By ZeroHedge - Feb 07, 2023, 11:30 AM CSTFord Motor Co has yet to announce mass layoffs like the ones that have plagued the tech industry in … [+1341 chars]"
Hertz Is Revamping Dollar and Thrifty Brands,"Hertz is polishing its affordable car rental brands Dollar and Thrifty to help grow sales from more price-conscious business travelers.
These two iconic brands are performing shy of their potential,… [+3320 chars]"
The Worldwide Automotive Relay Industry is Projected to Reach $15.5 Billion by 2027: PCB Relays are Speculated to Drive the Market,"Global Automotive Relay Market
Global Automotive Relay Market
Dublin, Feb. 07, 2023 (GLOBE NEWSWIRE) -- The ""Automotive Relay Market by Relay Type, Application, Ampere, Vehicle Type, Electric Vehic… [+8368 chars]"
The Worldwide Automotive Relay Industry is Projected to Reach $15.5 Billion by 2027: PCB Relays are Speculated to Drive the Market,"Dublin, Feb. 07, 2023 (GLOBE NEWSWIRE) -- The ""Automotive Relay Market by Relay Type, Application, Ampere, Vehicle Type, Electric Vehicle Relay Market by Ampere, Electric Vehicle Relay Market by Rela… [+8000 chars]"
"Auto elettriche e plug-in, vendite globali 2022: buona crescita, i nuovi mercati trainano","Puntuale come ogni anno è arrivato il report degli specialisti di EV Volumes, che si occupano di tracciare i risultati di tutti i mercati automobilistici, così da restituirci una fotografia di quello… [+1711 chars]"
Protéger intelligemment la migration vers un cloud hybride : la puissance des solutions de sécurité cloud natives,Le défi en matière de sécurité sur le cloud pourra être relevé avec des outils dédiés apportant de la visibilité et de la compréhension et une politique de sécurité homogène sur l'ensemble des clouds… [+5293 chars]
"BYD, il colosso cinese prepara la prima fabbrica di auto in Europa","Ascolta la versione audio dell'articolo
2' di lettura
A novembre lipotesi era di guardare a più di uno stabilimento in prospettiva, anche in Brasile. Ma per cominciare BYD, il colosso cinese dellau… [+2859 chars]"
"It's fine to use ChatGPT to write your cover letter, a recruiter says. But it could screw you over on interview prep.","ChatGPT has only been around in its current form since November, and many workers are still torn between viewing it as a helpful workplace tool and a death knell for their jobs.
The chatbot was laun… [+3338 chars]"
"Tesla Model Y Can Save Police Department About $80K, Police Chief Claims","A police chief in Somerset, Wisconsin estimates the Tesla Model Y will save the department more than $80,000 over the life of the vehicle, according to Electrek.Among the financial benefits mentioned… [+261 chars]"
"Le volant de sa Tesla Model Y neuve se détache, Tesla lui demande de tout payer","De retour chez nos amis américains pour une nouvelle aventure subie par un homme au volant d'une Tesla Model Y. Cette fois, ce n'est ni un problème de batterie, ni un conducteur imprudent ou trop con… [+1491 chars]"
Golpe de realidad: cada vez son más las marcas que empiezan a dudar abiertamente del coche eléctrico,"La industria del automóvil está viviendo unos tiempos convulsos. A los problemas de abastecimiento de materias primas y componentes, se une la prohibición de vender coches con motor de combustión int… [+6928 chars]"
Čo poviete na toto elektrické monštrum? Jeho batéria váži 15 ton!,Obrí aobný stroj Liebherr T264 vái 176 ton - a to bez zabudovanej 15 tonovej experimentálnej batérie s kapacitou 1 400 kWh.Trh s elektrickými autami postupne naberá na obrátkach  najmä v severnej Eur… [+2619 chars]
TOOSLA (FR00140062B9) : Toosla sécurise le doublement de sa flotte pour 2023,"7 février 2023 – Toosla (code ISIN : FR00140062B9 – code mnémonique : ALTOO), acteur digital de la location de voiture de courte durée, annonce avoir sécurisé le doublement de sa flotte pour 2023. 
… [+4917 chars]"
"I dati sulle vendite di auto elettriche in Europa, flessione in Italia","Secondo i dati diffusi da Jato Dynamics, lo scorso anno in Europa sono state immatricolate 1,56 milioni di auto elettriche, vale a dire il 29% in più rispetto ai numeri registrati nel 2021: si tratta… [+2868 chars]"
Tesla’s Price Cuts Are Putting Extra Pressure On Electric Car Startups,"Electric vehicles are becoming more popular with consumers, but even Teslas lineup took several years to become profitable. With the automakers most recent round of price cuts, EV startups that are s… [+2772 chars]"
This electric pickup render is worth $125 million?,"Alpha Motor is raising money from small investors at $125 million for its electric pickup truck that is nothing more than a few renders and a pusher model.
We reported on Alpha Motor after it was al… [+4237 chars]"
"Why Rivian, Lucid, and Canoo Plunged Today","What happened
Several U.S.-based electric vehicle (EV) stocks were sliding Tuesday morning as investors balance increasing competition against growth initiatives. Rivian Automotive(RIVN -4.30%), Luc… [+2756 chars]"
Elon Musk Responds to Health Concerns,"Elon Musk's many self-inflicted wounds are really starting to catch up with him.
According to a new report in The Wall Street Journal, the Tesla and Twitter CEO is struggling with insomnia and back … [+3076 chars]"
530-сильный электрокар BYD Seal оценили в России в 5 млн рублей,"BYD Seal , 22 . BYD , Audi , 212,8 (2,2 ) 349,9 Tesla Model 3 Performance.
 BYD Seal : 218 , 313 . Avito.ru , 3,9 , 204- 3,2 ."
CNN: принадлежащий Маску электромобиль Tesla Roadster достиг орбиты Марса спустя пять лет,"Tesla Roadster, , , . CNN.
«     ,   », —  .
 CNN, 3,5 ,     327  .
,   ,  2018   .   ,   .
   , , .   ,  .
 «.Ru»,       5  2020 ,   —   2050 ."
"Twitter : Moins de 0,2 % des utilisateurs américains se sont abonnés à l’offre Blue","Le modèle d’Elon Musk pour Twitter a du mal à convaincre. L’offre Twitter Blue, mise en place par le nouveau patron du réseau social et qui permet d’obtenir la certification de son compte, n’a convai… [+2159 chars]"
Global Air Travel Is Still Just Over Two-Thirds of What It Was Pre-Pandemic,"International air travel still isnt quite what it used to be and the industry still cant handle it, Hertz had a solid 2022, and VinFasts North American expansion just hit another snag. All that and m… [+9113 chars]"
FACT CHECK: Did CBC Report That Elon Musk Has Endorsed Quantum AI?,"A video shared on Facebook purportedly shows CBC coverage on Twitter CEO Elon Musk endorsing Cryptocurrency software, Quantum AI.
Verdict: False
The video is digitally fabricated. There is no evide… [+1900 chars]"
"Hertz’s (HTZ) Tesla (TSLA) Fleet Is Well Short of 100,000 Cars","Warning
This website has been reported for potential phishing.Phishing is when a site attempts to steal sensitive information by falsely presenting as a safe source."
Leaked Document Suggests Hardly Anyone Bothered to Pay for Twitter Blue,"Twitter-like apps dont seem to be doing too hot as of late. Ever since billionaire Tesla CEO Elon Musk bought the blue bird app back in October, a wave of controversy has caused a massive decline in … [+296 chars]"
Is Embedded Finance the IoT of Banking? (Ermes Dajko),"If youve bought something online through an online retailer or through a merchants web site or app and youve selected to buy now and pay later with interest free instalments, a micro-loan is created … [+6113 chars]"
These are the top 10 holdings of the AI-driven investment fund powered by Watson that has been crushing the market this year,"Artificial intelligence has been all the rage among investors this year after the successful release of ChatGPT late last year sparked a craze among consumers and companies. 
One ETF has been utiliz… [+2121 chars]"
"Bizzarrini Giotto, supercar firmata Giugiaro. Come è fatta","Savina Confaloni
 @
 savinaconfaloni
07 febbraio
Prende forma la nuova supercar Bizzarrini. Dopo il ritorno del marchio nel mondo automotive,  con la 5300 GT Corsa Revival all'inizio del 2022, ar… [+5884 chars]"
Sparky The Tesla Burns In California,"Read the full article on Motorious
We know electric vehicle fans get really tired of coverage every time a Tesla catches on fire, but it happened again in the Sacramento, California area and the pho… [+1975 chars]"
"2024 Porsche Taycan, 2024 Mercedes-Benz eSprinter: Car News Headlines","Porsche is working on a mid-cycle update for its Taycan electric sedan and wagon, and the latest prototype to be spotted is for the Taycan Cross Turismo soft-roader. While the updates will be mild, t… [+1261 chars]"
Cuáles son los autos más vendidos en el mundo: nombres con historia y una sorpresa,"El mercado mundial de los autos tiene un nuevo orden, en el que los eléctricos cada vez tienen más jerarquía, según el último informe de Focus2Move, una consultora especializada en el análisis de las… [+3924 chars]"
"If You Invested $5,000 in CoStar in 2013, This Is How Much You Would Have Today","CoStar Group(CSGP -0.59%) is somewhat under the radar when it comes to ""hot"" growth tech stocks -- even though it has delivered incredible returns for investors over the years. Since 2013, the real e… [+3802 chars]"
"Tesla Roadster летает в космосе 5 лет – он преодолел более 4 млрд км, 3,5 раза облетел вокруг Солнца и сейчас находится на орбите Марса",", 7 , Tesla Roadster, (Elon Musk). .
7 2018 - SpaceX Falcon Heavy, «» Tesla Roadster - . . SpaceX.
 5 Tesla Roadster 3,5 4 . ( ) 327 .
, , . 2018 . , . Tesla Roadster , 2047 . 22% 15 , 12%."
15 Best High Volume Stocks To Buy Today,"In this article, we will take a look at the 15 best high-volume stocks to buy today. To see more such companies, go directly to 5 Best High Volume Stocks To Buy Today.
Investors are still trying to … [+14110 chars]"
Leaked Document Suggests Hardly Anyone Bothered to Pay for Twitter Blue,"Twitter-like apps dont seem to be doing too hot as of late. Ever since billionaire Tesla CEO Elon Musk bought the blue bird app back in October, a wave of controversy has caused a massive decline in … [+4095 chars]"
Leaked Document Suggests Hardly Anyone Bothered to Pay for Twitter Blue,"Twitter-like apps dont seem to be doing too hot as of late. Ever since billionaire Tesla CEO Elon Musk bought the blue bird app back in October, a wave of controversy has caused a massive decline in … [+3846 chars]"
"VW recalls nearly 21,000 ID.4s over faulty battery software","VW recalls nearly 21,000 ID.4s over faulty battery software
VW recalls nearly 21,000 ID.4s over faulty battery software
 / The problem is the high-voltage battery management software could reset wh… [+2336 chars]"
SENECA TESLA MODEL MODEL X GOPRO MINI POV TOUR,Seneca loves Teslas; and the model X!
Elon Musk lanza un SOS a golpe de tuit: “Estoy preocupado por mí”,""", implicaría lo siguiente: duerme unas 6 horas, se levanta sobre las 7:00, normalmente se salta el desayuno y comienza vertiginosas jornadas laborales de entre 85 y 100 horas semanales, que divide e… [+438 chars]"
The Holy Grail of Electric Vehicles: Solid-State Batteries,"By R. Colin JohnsonCommissioned by CACM Staff
February 7, 2023CommentsUnlike flammable liquid-core Li-ion batteries, Blue Current’s solid-core silicon elastic composite solid-state batteries are sma… [+9465 chars]"
Tesla Megapack and Semi Combo,Brian Wang is a Futurist Thought Leader and a popular Science blogger with 1 million readers per month. His blog Nextbigfuture.com is ranked #1 Science News Blog. It covers many disruptive technology… [+593 chars]
"Electric Vehicle Boom Sparks Concerns Over Lithium-Ion Battery Shortages, says Beroe Inc","RALEIGH, N.C., Feb. 7, 2023 /PRNewswire/ -- The global market for lithium-ion batteries is projected to reach $94.15 billion by 2025 driven by the growing popularity of electric vehicles (EVs) but fa… [+4062 chars]"
"Global Electric Vehicle Market Size & Share Projected to Hit at USD 980 Billion and Rise at a CAGR of 24.5% By 2028: Industry Trends, Demand, Value, Analysis & Forecast Report | Facts and Factors","NEW YORK, Feb. 7, 2023 /PRNewswire/ -- As per Facts and Factors study, The global electric vehicle market was valued at roughly USD 185 billion in 2021 and is expected to reach USD 980 billion by 202… [+18822 chars]"
"Electric Vehicle Boom Sparks Concerns Over Lithium-Ion Battery Shortages, says Beroe Inc","RALEIGH, N.C., Feb. 7, 2023 /PRNewswire/ -- The global market for lithium-ion batteries is projected to reach $94.15 billion by 2025 driven by the growing popularity of electric vehicles (EVs) but fa… [+4047 chars]"
"Global Electric Vehicle Market Size & Share Projected to Hit at USD 980 Billion and Rise at a CAGR of 24.5% By 2028: Industry Trends, Demand, Value, Analysis & Forecast Report | Facts and Factors","NEW YORK, Feb. 7, 2023 /PRNewswire/ -- As per Facts and Factors study, The global electric vehicle market was valued at roughly USD 185 billion in 2021 and is expected to reach USD 980 billion by 202… [+18817 chars]"
"Ron Baron, who runs one of the best-performing funds, says Tesla could hit $1,500 a share by 2030","Longtime investor Ron Baron said he's standing by his growth darlings, unfazed by the volatility in the stock market, especially in the tech sector. ""I'm not really worried about the stock market,"" B… [+306 chars]"
Billionaire Tesla bull Ron Baron promised multiples on $100 million Twitter investment,"Billionaire Ron Baron was promised he would make ""two to three times"" his money when he invested $100 million in Tesla CEO Elon Musk's take-private deal for Twitter, Baron said Tuesday on CNBC's ""Squ… [+291 chars]"
The house and car will merge -- and change how we power lives...,"When the power went out at Nate Grahams New Mexico home last year, his family huddled around a fireplace in the cold and dark. Even the gas furnace was out, with no electricity for the fan. After fai… [+11937 chars]"
"The 10 Contenders for Robb Report’s 2023 Car of the Year, From Audi to Rolls-Royce","Robb Report’s editors never could have imagined that what began as a casual gathering of a few pals and fun cars would grow into an internationally recognized automotive competition, held on two coas… [+21606 chars]"
"Powell's speech triggered record options bets, topping even the meme stock frenzy","A speculative frenzy after Fed Chairman Jerome Powell spoke last week helped drive record trading in call options Thursday, and there could be more Powell-related options action Tuesday as investors … [+8824 chars]"
Biden to revive plan to tax billionaires in State of the Union address,"President Biden will resurrect his plan for a so-called “billionaire’s tax” during his second State of the Union address on Tuesday night.
Biden first proposed a minimum tax on the super-rich in Mar… [+2203 chars]"
World EV Sales Report — Tesla Model Y Wins 1st Best Seller Title In Record Year,"The last months of 2022 brought a record-fest for world plugin vehicle sales, with 3 months out of the last 4 setting new sales records. December was one of them, with over 1,200,000 registrations.
… [+11108 chars]"
"Your EV battery can now power your home, yes really","The next time the power failed, Graham was prepared. He had a power strip and a $150 inverter, a device that converts direct current from batteries into the alternating current needed to run applianc… [+302 chars]"
GLOBAL BUILDING INTEGRATED PHOTOVOLTAICS MARKET FORECAST 2023-2032,"New York, Feb. 07, 2023 (GLOBE NEWSWIRE) -- Reportlinker.com announces the release of the report ""GLOBAL BUILDING INTEGRATED PHOTOVOLTAICS MARKET FORECAST 2023-2032"" - https://www.reportlinker.com/p0… [+4679 chars]"
"Thinking about trading options or stock in Alibaba, Fiserv, Tesla, Boeing, or Activision Blizzard?","NEW YORK, Feb. 7, 2023 /PRNewswire/ -- InvestorsObserver issues critical PriceWatch Alerts for BABA, FISV, TSLA, BA, and ATVI.
Click a link below then choose between in-depth options trade idea repo… [+797 chars]"
"Es el mayor rival del Tesla Model Y, ha rebajado su precio en casi 12.000 euros y vuelve a beneficarse del MOVES","La rebaja de precios de Tesla en sus coches ha obligado al mercado de los eléctricos a mover ficha y Ford acaba de responder con un recorte de precios para el Mustang Mach-E. De este modo, el SUV elé… [+2462 chars]"
"Benzinová auta klesají, elektrická rostou. Nejzajímavější fakta o prodejích v Evropě","V Evropě se loni prodalo 11,31 milionu nových automobilů, o 4,1 procenta méně než v roce 2021 a především nejméně od roku 1985. Vyplývá to z dat analytické společnosti Jato Dynamics. Když toto číslo … [+3729 chars]"
There’s a monumental war brewing over AI citations,"Skip to contentType your search and hit enter
When you purchase through links in our articles, we may earn a small commission. This doesn't affect our editorial independence
.
OpenAI’s ChatGPT AI … [+4842 chars]"
Mercedes is finally bringing an electric van to the U.S.,"Mercedes-Benz might be known for luxury cars, but it also makes vans, and it’s finally bringing an electric van to the United States.
Scheduled to start production this summer, the 2024 Mercedes-Ben… [+3147 chars]"
de Volkskrant | Nikkel troefkaart Indonesië bij productie elektrische auto's,"Dit artikel is afkomstig uit de Volkskrant. Elke dag verschijnt een selectie van de beste artikelen uit de kranten en tijdschriften op NU.nl. Daar lees je hier meer over.
De Indonesische regering st… [+4139 chars]"
Tesla a trouvé pourquoi les batteries lithium-ion se déchargent toutes seules,Les chercheurs de Tesla ont fait une découverte majeure en lien avec les batteries lithium-ion. On sait désormais pourquoi ces dernières ont tendance à se décharger seules quand elles ne sont pas uti… [+2865 chars]
Impressed Tesla Stock Is Up 60%? 7 Stocks Leave It In The Dust,"Think Tesla stock's 60% year-to-date gain is impressive? Other stocks, including a few in the S&amp;P 500, are blowing its doors off.So far this year, seven stocks in the S&amp;P 1500 (which includes… [+329 chars]"
Bitcoin en el 2023 y su comportamiento ante una industria cripto dañada,"La primera criptomoneda descentralizada, ha sido una fuente de controversia desde su creación en 2008. Algunos la ven como una inversión segura y una forma revolucionaria de hacer transacciones en lí… [+3875 chars]"
"Mobility study cites roadblocks for U.S. electric vehicles, sustainable aviation","Among those roadblocks, a looming shortage of battery raw materials could put government mandates in conflict with manufacturing reality one of the macro trends charted in the 2023 Moving World Repor… [+1474 chars]"
Tesla Stock Rally Continues As China Market Share Shifts Now Favor Tesla: Analyst,"TSLA shares edged up early Tuesday after data showed Tesla (TSLA) vehicle insurance registrations surged in China last week. In addition, a top analyst forecast Tesla demand would grow as China's lat… [+295 chars]"
"Mobility study cites roadblocks for U.S. electric vehicles, sustainable aviation","By Paul Lienert
SANTA MONICA, Calif. (Reuters) - Automakers may not be able to build as many electric vehicles as they would like and consumer demand for those EVs may not materialize as quickly as … [+1750 chars]"
"Mobility study cites roadblocks for U.S. electric vehicles, sustainable aviation","SANTA MONICA, Calif., Feb 7 (Reuters) - Automakers may not be able to build as many electric vehicles as they would like and consumer demand for those EVs may not materialize as quickly as anticipate… [+1889 chars]"
"Mobility study cites roadblocks for US electric vehicles, sustainable aviation","SANTA MONICA, Calif. : Automakers may not be able to build as many electric vehicles as they would like and consumer demand for those EVs may not materialize as quickly as anticipated if government a… [+1709 chars]"
"Mobility study cites roadblocks for U.S. electric vehicles, sustainable aviation","Among those roadblocks, a looming shortage of battery raw materials could put government mandates ""in conflict with manufacturing reality"" -- one of the macro trends charted in the 2023 Moving World … [+1507 chars]"
Billionaire Tesla bull Ron Baron promised multiples on $100 million Twitter investment,"Billionaire Ron Baron was promised he would make ""two to three times"" his money when he invested $100 million in Tesla CEO Elon Musk's take-private deal for Twitter, Baron said Tuesday on CNBC's ""Squ… [+291 chars]"
(+) Bygger ny edtech-startup på spillmotoren bak Fortnite,"Gründerteamet Anders Heivoll og Morten Zetlitz har startet virksomheter og jobbet sammen i ti år. Først i digitalbyrået Savant, og nå med edtech-gaming-startupen som har fire faste ansatte og to fril… [+4517 chars]"
Starter Packs | 602.jpg,"PROTIP:
Press the ← and → keys to navigate the gallery,
'g'
to view the gallery, or
'r'
to view a random image."
"Mustang Mach-E : un excédent de 1,6 km de câbles a fait perdre près de 2 milliards de dollars à Ford","Ford fait partie des plus grands constructeurs automobiles au monde. La
 marque à lovale bleu compte plus dun siècle dexpériences, mais cela ne
 lui a apparemment pas suffi à éviter une erreur qui,… [+1388 chars]"
What is a Vision Statement and How to Write One (+Examples and Template),"If you buy something through our links, we may earn money from our affiliate partners. Learn more.
A vision statement is an integral part of the foundation of any business. A well-crafted vision sta… [+14711 chars]"
Billionaire Tesla bull Ron Baron promised multiples on $100 million Twitter investment,"Billionaire Ron Baron was promised he would make ""two to three times"" his money when he invested $100 million in Tesla CEO Elon Musk's take-private deal for Twitter, Baron said Tuesday on CNBC's ""Squ… [+1408 chars]"
«Всё надёжно»: выпущена умная подсветка для дома Sber второго поколения,"SberDevices Sber . 
- SberDevices :
 Sber . — . 
:
<ul><li> 16 </li><li> : , , «» </li><li> «»</li><li> Wi-Fi</li><li> : 10 </li><li> 600 </li><li> 3 </li></ul> 2 2990 , – 990 . 2 , . 
« »: Hogw… [+3212 chars]"
テスラ『モデルY』長距離実走レポート【東京＝新潟】スーパーチャージャーの威力を痛感 - EVsmartブログ,https://blog.evsmart.net/tesla/model-y/2022-tesla-model-y-long-drive-test-tokyo-niigata/
Tesla to make the cheapest EV batteries with billions in annual government subsidies,The US$3.6 billion Nevada Gigafactory expansion that Tesla recently announced means that it will have 60%-70% lower capital expenditures to produce a GWh of battery capacity than the leading Chinese … [+3920 chars]
First Shift: How EVs can help support the power grid,"1155 Gratiot AvenueDetroit, Michigan48207-2997
(877) 812-1584
Email us
Automotive NewsISSN 0005-1551 (print)ISSN 1557-7686 (online)
Fixed Ops JournalISSN 2576-1064 (print)ISSN 2576-1072 (online)"
Tesla Cybertruck : ce choix qui pourrait bien réduire la sécurité et encore retarder le lancement,"Et si le choix de l'acier inoxydable pour la carrosserie du Cybertruck expliquait l'immense retard de sa production ? C'est ce qu'avance le New York Times dans une enquête. 
Un matériau peu utilisé … [+1897 chars]"
"Quién es Sam Altman, el emprendedor que busca transformar el mundo de la inteligencia artificial","Lo primero que hicimos para indagar sobre la vida de Sam Altman fue preguntarle a ChatGPT, el revolucionario sistema de inteligencia artificial que él mismo ideó a través de la empresa que fundó en 2… [+9716 chars]"
テスラモデルXで長距離往復1000km: 東京-福井6回目 - EVsmartブログ,https://blog.evsmart.net/tesla/model-x/roadtrip-tokyo-fukui-7/
Former NFL Player Faces DUI Charge After Florida Crash,New You can now listen to Insurance Journal articles!A former NFL player was arrested on a misdemeanor driving under the influence charge after troopers say his vehicle rear-ended a pick-up truck tha… [+1373 chars]
13 Best Hot Stocks To Buy Now,"In this article, we discuss 13 best hot stocks to buy now. If you want to see more stocks in this selection, check out 5 Best Hot Stocks To Buy Now. 
The US GDP grew by 2.9% in the fourth quarter of… [+22857 chars]"
How Adoption of Electric Vehicles is Still Fueling Large Gains for EV Battery and Lithium Markets,"FinancialNewsMedia.com
 News Commentary 
PALM BEACH, Fla., Feb. 7, 2023 /PRNewswire/ -- Governments all over the world are promoting the adoption of vehicles utilizing alternative fuels as a result… [+12081 chars]"
How Adoption of Electric Vehicles is Still Fueling Large Gains for EV Battery and Lithium Markets,"FinancialNewsMedia.com
 News Commentary 
PALM BEACH, Fla., Feb. 7, 2023 /PRNewswire/ -- - Governments all over the world are promoting the adoption of vehicles utilizing alternative fuels as a resu… [+12070 chars]"
Executive Skills: What Tops The List of Attributes,"In the corporate world, you may have heard the term “executive skills.” But what exactly are they? Executive skills are simply the ability to communicate clearly and effectively with others, solve pr… [+5308 chars]"
AI imagines State of the Union speeches from famous historical figures,"Lets face it, State of the Union speeches are mostly rote. Presidents roll out a list of accomplishments, a few anecdotes about guests in attendance, a sober assessment of the problems of the day and… [+24063 chars]"
Ne vous attendez pas à voir le prix de la Renault Mégane électrique diminuer,"Alors que plusieurs constructeurs ont décidé de rentrer dans le jeu de Tesla en baissant leurs prix, certains comme Renault ou Fisker y sont radicalement opposés. Pour eux, réduire leurs tarifs n'est… [+4300 chars]"
