1st_column,2nd_column,3rd_column,4th_column,5th_column,6th_column
function,sharp,certain,donkey,probably,wrong
necessary,while,faster,pot,large,thank
land,later,action,art,cheese,tobacco
am,pictured,receive,feed,bent,half
compass,how,wear,toward,month,listen
blew,is,current,pole,education,which
jar,belong,bark,shown,lungs,melted
dark,fourth,understanding,western,sat,trip
wet,ago,softly,port,pressure,secret
track,missing,bare,liquid,safety,jungle
contain,ruler,red,river,selection,book
melted,chamber,at,magnet,split,dollar
couple,hurt,must,pleasant,fat,prevent
both,movie,shake,broken,surface,coach
skill,avoid,fish,cave,able,oldest
party,include,purple,tower,nails,collect
send,equipment,class,fall,might,warn
on,beside,here,oxygen,strength,complete
something,former,barn,musical,grandfather,increase
weather,instance,fifteen,college,port,port
spring,boy,angry,fish,arm,brass
curious,between,upper,mail,hand,below
seen,interior,dropped,signal,team,mile
plenty,around,gate,properly,disappear,rapidly
month,pig,afternoon,stared,here,circus
plane,sign,park,soldier,settle,positive
nest,steady,seed,mill,powerful,color
principle,image,pig,become,got,composition
jungle,say,cabin,improve,frame,queen
officer,train,itself,horse,memory,regular
never,busy,feet,no,difficulty,atmosphere
needle,mud,slabs,year,throat,pay
mind,correctly,society,note,ask,active
railroad,shinning,somehow,kept,empty,national
job,discover,fighting,feed,enjoy,principle
given,central,typical,difficulty,tight,research
made,quietly,sound,divide,write,fuel
mouth,job,lost,law,matter,decide
alone,blue,afternoon,dried,rain,give
tropical,wind,happy,darkness,little,troops
cool,earth,greater,wheat,powerful,attempt
motion,lamp,occasionally,sight,simply,him
farther,see,rod,dig,light,that
actually,applied,choice,number,power,hard
itself,press,was,sugar,rough,wheel
lucky,church,thou,anywhere,team,store
wash,fully,muscle,element,support,pocket
cotton,worth,similar,cup,poet,simply
correct,rocket,yellow,monkey,sit,young
not,use,wife,hand,peace,share
correctly,planet,better,sound,her,butter
guide,hole,combination,essential,bit,vapor
river,record,lips,electricity,orbit,dollar
do,chief,clock,port,nearest,rest
buried,rest,radio,machinery,in,folks
including,party,catch,hurried,settle,folks
someone,blank,understanding,fog,college,failed
pupil,add,pig,vertical,end,outline
negative,build,cabin,dish,flies,today
various,themselves,before,include,do,support
bread,shut,charge,field,mile,section
limited,double,against,cotton,notice,balance
college,driven,wear,duck,needs,nervous
circus,guide,daughter,high,duck,finger
leave,mostly,once,front,pride,judge
die,policeman,between,pack,colony,hospital
shelf,lamp,taught,molecular,foreign,final
far,triangle,teeth,notice,tower,plates
frame,push,particular,region,does,identity
fierce,later,shall,managed,feature,possible
suggest,pattern,best,trade,journey,cool
until,other,tent,hat,jump,eight
seldom,lady,since,deal,lead,free
task,nine,dug,eye,spider,gulf
tip,slabs,dinner,sugar,lungs,pilot
from,butter,gift,its,whatever,differ
shot,frog,mill,second,safety,eager
sum,country,vegetable,sudden,slow,best
everything,sleep,pain,solve,skill,row
lunch,sum,nuts,cream,mud,weight
regular,bag,tip,composition,shown,fort
stay,every,thrown,hang,planet,yourself
congress,who,ground,rear,win,dozen
interior,ship,winter,lower,escape,column
grown,look,swing,meet,expect,changing
farmer,principle,suppose,duty,greatly,vowel
instance,speak,element,tobacco,someone,since
egg,pack,friend,lift,shells,court
country,magnet,appropriate,allow,modern,sudden
circus,south,machinery,ever,gave,essential
enjoy,glad,dirty,law,cowboy,mission
simply,period,against,fifth,simply,buried
specific,pen,lie,mountain,unless,printed
society,tribe,short,none,tool,than
weak,length,it,herd,proud,vapor
wonderful,tears,found,heat,heavy,running
success,using,excited,kept,brass,yet
married,student,environment,forth,square,audience
peace,buried,thrown,classroom,although,route
hall,like,sang,chosen,far,dirt
